timestamp,raw_lat,raw_lon,filt_lat,filt_lon,raw_unc_m,filt_unc_m,altitude_m,alt_unc_m,hdop,speed_kmh,sats_used,sats_in_view,fix_quality,fix_meaning,direction
1770569027.9159439,57.83448333,12.30726317,57.83448033,12.30726375,2.448,3.751,69.40,4.76,1.270,1.84,7,7,1,GPS Fix (SPS),Stopped
1770569028.9069903,57.83448117,12.30726483,57.83448075,12.30726429,2.448,3.149,69.50,4.76,1.270,1.31,7,7,1,GPS Fix (SPS),Stopped
1770569029.91595,57.83448067,12.30726350,57.83448071,12.30726390,2.448,2.648,69.70,4.76,1.270,1.06,7,7,1,GPS Fix (SPS),Stopped
1770569030.9087818,57.83447750,12.30726533,57.83447910,12.30726461,2.448,2.500,69.60,4.76,1.270,0.39,7,7,1,GPS Fix (SPS),Stopped
1770569031.9205172,57.83447817,12.30726233,57.83447864,12.30726347,2.448,2.500,70.00,4.76,1.270,0.72,7,7,1,GPS Fix (SPS),Stopped
1770569032.9158516,57.83447667,12.30726300,57.83447765,12.30726324,2.448,2.500,70.10,4.76,1.270,0.59,7,7,1,GPS Fix (SPS),Stopped
1770569033.920491,57.83447200,12.30726700,57.83447483,12.30726512,2.448,2.500,70.40,4.76,1.270,0.64,7,7,1,GPS Fix (SPS),Stopped
1770569034.9158025,57.83447183,12.30726267,57.83447333,12.30726389,2.448,2.500,70.90,4.76,1.270,0.58,7,7,1,GPS Fix (SPS),Stopped
1770569035.9241495,57.83447850,12.30726433,57.83447591,12.30726411,2.448,2.500,71.00,4.76,1.270,0.32,7,7,1,GPS Fix (SPS),Stopped
1770569036.908643,57.83448167,12.30726200,57.83447879,12.30726306,2.448,2.500,71.00,4.76,1.270,0.24,7,7,1,GPS Fix (SPS),Stopped
1770569037.9122121,57.83449417,12.30725333,57.83448648,12.30725819,2.448,2.500,70.90,4.76,1.270,0.53,6,6,1,GPS Fix (SPS),Reverse
1770569038.918706,57.83451067,12.30724633,57.83449857,12.30725226,2.314,2.500,70.40,4.24,1.130,1.01,8,8,1,GPS Fix (SPS),Reverse
1770569039.9029837,57.83452133,12.30723950,57.83450995,12.30724588,2.314,2.500,70.20,4.24,1.130,1.03,8,8,1,GPS Fix (SPS),Reverse
1770569040.9342222,57.83453900,12.30723117,57.83452448,12.30723852,2.314,2.500,70.10,4.24,1.130,1.76,8,8,1,GPS Fix (SPS),Reverse
1770569041.9157305,57.83455417,12.30722250,57.83453932,12.30723051,2.314,2.500,70.00,4.24,1.130,2.17,8,8,1,GPS Fix (SPS),Reverse
1770569042.9214692,57.83457917,12.30721867,57.83455924,12.30722459,2.314,2.500,69.90,4.24,1.130,3.50,8,8,1,GPS Fix (SPS),Reverse
1770569043.9215226,57.83459300,12.30721117,57.83457612,12.30721788,2.314,2.500,69.60,4.24,1.130,3.55,8,8,1,GPS Fix (SPS),Reverse
1770569044.9231882,57.83460400,12.30720317,57.83459006,12.30721052,2.314,2.500,69.70,4.24,1.130,3.27,8,8,1,GPS Fix (SPS),Reverse
1770569045.924159,57.83461850,12.30720200,57.83460428,12.30720626,2.314,2.500,69.70,4.24,1.130,3.36,8,8,1,GPS Fix (SPS),Reverse
1770569046.926111,57.83463133,12.30719283,57.83461781,12.30719955,2.314,2.500,70.00,4.24,1.130,3.40,8,8,1,GPS Fix (SPS),Reverse
1770569047.9141107,57.83463500,12.30719033,57.83462640,12.30719494,2.314,2.500,70.30,4.24,1.130,2.76,8,8,1,GPS Fix (SPS),Reverse
1770569048.9182956,57.83464183,12.30719167,57.83463412,12.30719330,2.314,2.500,70.70,4.24,1.130,2.63,8,8,1,GPS Fix (SPS),Stopped
1770569049.9219298,57.83464717,12.30718783,57.83464064,12.30719057,2.314,2.500,71.30,4.24,1.130,2.20,8,8,1,GPS Fix (SPS),Stopped
1770569050.9189079,57.83465050,12.30717933,57.83464557,12.30718495,2.314,2.500,71.60,4.24,1.130,2.05,8,8,1,GPS Fix (SPS),Reverse
1770569051.9157767,57.83465100,12.30718133,57.83464829,12.30718314,2.314,2.500,72.00,4.24,1.130,1.59,8,8,1,GPS Fix (SPS),Stopped
1770569052.9203553,57.83465317,12.30718450,57.83465073,12.30718382,2.314,2.500,72.70,4.24,1.130,1.50,8,8,1,GPS Fix (SPS),Stopped
1770569053.9156733,57.83464767,12.30718200,57.83464920,12.30718291,2.333,2.500,72.80,4.31,1.150,0.78,8,8,1,GPS Fix (SPS),Stopped
1770569054.9258854,57.83464333,12.30718750,57.83464626,12.30718521,2.314,2.500,73.00,4.24,1.130,0.16,8,8,1,GPS Fix (SPS),Stopped
1770569055.9163501,57.83464017,12.30719417,57.83464322,12.30718969,2.314,2.500,73.40,4.24,1.130,0.38,8,8,1,GPS Fix (SPS),Forward
1770569056.9059007,57.83463267,12.30719600,57.83463794,12.30719284,2.448,2.500,73.90,4.76,1.270,0.34,7,7,1,GPS Fix (SPS),Stopped
1770569057.9198022,57.83462983,12.30719950,57.83463389,12.30719617,2.448,2.500,74.20,4.76,1.270,0.26,7,7,1,GPS Fix (SPS),Stopped
1770569058.9012883,57.83463217,12.30719983,57.83463303,12.30719800,2.448,2.500,74.60,4.76,1.270,0.45,7,7,1,GPS Fix (SPS),Stopped
1770569059.9202418,57.83463900,12.30719883,57.83463601,12.30719842,2.448,2.500,74.80,4.76,1.270,1.28,7,7,1,GPS Fix (SPS),Stopped
1770569060.920189,57.83464850,12.30719300,57.83464226,12.30719571,2.448,2.500,75.10,4.76,1.270,2.13,7,7,1,GPS Fix (SPS),Stopped
1770569061.9037285,57.83464933,12.30719583,57.83464580,12.30719577,2.448,2.500,75.40,4.76,1.270,2.02,7,7,1,GPS Fix (SPS),Stopped
1770569062.9186292,57.83464717,12.30719950,57.83464648,12.30719764,2.448,2.500,75.80,4.76,1.270,1.58,7,7,1,GPS Fix (SPS),Stopped
1770569063.9131937,57.83464833,12.30720183,57.83464741,12.30719973,2.448,2.500,76.10,4.76,1.270,1.52,7,7,1,GPS Fix (SPS),Stopped
1770569064.9090974,57.83465083,12.30720000,57.83464912,12.30719987,2.448,2.500,76.60,4.76,1.270,1.75,7,7,1,GPS Fix (SPS),Stopped
1770569065.9157538,57.83464417,12.30719800,57.83464664,12.30719893,3.171,2.500,76.80,7.61,2.030,1.31,6,6,1,GPS Fix (SPS),Stopped
1770569066.909569,57.83463783,12.30720433,57.83464224,12.30720163,3.171,2.500,77.30,7.61,2.030,0.84,6,6,1,GPS Fix (SPS),Stopped
1770569067.9166586,57.83463600,12.30720283,57.83463912,12.30720223,3.171,2.500,77.70,7.61,2.030,0.74,6,6,1,GPS Fix (SPS),Stopped
1770569068.9124725,57.83463217,12.30720783,57.83463564,12.30720503,4.305,2.500,78.00,12.07,3.220,0.46,5,5,1,GPS Fix (SPS),Stopped
1770569069.904059,57.83462750,12.30720900,57.83463157,12.30720702,4.305,2.500,78.50,12.07,3.220,0.27,5,5,1,GPS Fix (SPS),Stopped
1770569070.9115267,57.83462717,12.30721150,57.83462937,12.30720926,4.305,2.500,78.70,12.07,3.220,0.38,5,5,1,GPS Fix (SPS),Stopped
1770569071.9067955,57.83460717,12.30721833,57.83461827,12.30721380,4.305,2.500,79.00,12.07,3.220,0.86,5,5,1,GPS Fix (SPS),Forward
1770569072.903701,57.83458983,12.30722383,57.83460405,12.30721881,4.305,2.500,79.00,12.07,3.220,1.68,5,5,1,GPS Fix (SPS),Forward
1770569073.909482,57.83458100,12.30723450,57.83459253,12.30722666,4.305,2.500,78.90,12.07,3.220,1.81,5,5,1,GPS Fix (SPS),Forward
1770569074.9050748,57.83456800,12.30724383,57.83458026,12.30723525,4.305,2.500,79.00,12.07,3.220,2.12,5,5,1,GPS Fix (SPS),Forward
1770569075.903745,57.83457867,12.30724717,57.83457946,12.30724121,4.305,2.500,79.10,12.07,3.220,1.38,5,5,1,GPS Fix (SPS),Forward
1770569076.9018,57.83457500,12.30724883,57.83457723,12.30724502,4.305,2.500,79.10,12.07,3.220,1.03,5,5,1,GPS Fix (SPS),Forward
1770569077.9034894,57.83458617,12.30724783,57.83458170,12.30724643,4.305,2.500,79.00,12.07,3.220,0.54,5,5,1,GPS Fix (SPS),Stopped
1770569078.9070718,57.83458233,12.30725033,57.83458202,12.30724838,4.305,2.500,79.00,12.07,3.220,0.38,5,5,1,GPS Fix (SPS),Stopped
1770569079.9069092,57.83456683,12.30725567,57.83457442,12.30725202,4.305,2.500,78.70,12.07,3.220,0.38,5,5,1,GPS Fix (SPS),Forward
1770569080.9067183,57.83454967,12.30726000,57.83456205,12.30725601,3.171,2.500,78.80,7.61,2.030,0.80,6,6,1,GPS Fix (SPS),Forward
1770569081.9058268,57.83453417,12.30726400,57.83454811,12.30726001,3.171,2.500,78.90,7.61,2.030,1.30,6,6,1,GPS Fix (SPS),Forward
1770569082.9022791,57.83451617,12.30726867,57.83453214,12.30726434,3.171,2.500,79.20,7.61,2.030,1.69,6,6,1,GPS Fix (SPS),Forward
1770569083.9039373,57.83448567,12.30727900,57.83450890,12.30727167,3.171,2.500,79.40,7.61,2.030,2.23,6,6,1,GPS Fix (SPS),Forward
1770569084.9038398,57.83446383,12.30728667,57.83448637,12.30727917,3.171,2.500,80.00,7.61,2.030,2.44,6,6,1,GPS Fix (SPS),Forward
1770569085.90418,57.83444683,12.30729267,57.83446660,12.30728592,3.171,2.500,80.50,7.61,2.030,2.41,6,6,1,GPS Fix (SPS),Forward
1770569086.9053514,57.83443550,12.30729550,57.83445105,12.30729071,3.171,2.500,80.90,7.61,2.030,2.10,6,6,1,GPS Fix (SPS),Forward
1770569087.90204,57.83442017,12.30729783,57.83443561,12.30729427,3.171,2.500,81.20,7.61,2.030,1.97,6,6,1,GPS Fix (SPS),Forward
1770569088.9050095,57.83440767,12.30730100,57.83442164,12.30729764,3.171,2.500,81.20,7.61,2.030,1.72,6,6,1,GPS Fix (SPS),Stopped
1770569089.916735,57.83439083,12.30730400,57.83440624,12.30730082,3.171,2.500,81.40,7.61,2.030,2.08,6,6,1,GPS Fix (SPS),Stopped
1770569090.9015512,57.83437500,12.30730750,57.83439062,12.30730416,3.171,2.500,81.60,7.61,2.030,2.61,6,6,1,GPS Fix (SPS),Stopped
1770569091.903733,57.83437117,12.30730850,57.83438089,12.30730633,3.171,2.500,81.70,7.61,2.030,2.35,6,6,1,GPS Fix (SPS),Stopped
1770569092.9115005,57.83436517,12.30731150,57.83437303,12.30730891,3.171,2.500,81.70,7.61,2.030,2.02,6,6,1,GPS Fix (SPS),Stopped
1770569093.900755,57.83435467,12.30731467,57.83436385,12.30731179,3.171,2.500,81.80,7.61,2.030,2.12,6,6,1,GPS Fix (SPS),Stopped
1770569094.9027865,57.83434450,12.30731617,57.83435417,12.30731398,3.171,2.500,82.00,7.61,2.030,2.28,6,6,1,GPS Fix (SPS),Stopped
1770569095.9095044,57.83435267,12.30731400,57.83435342,12.30731399,3.171,2.500,82.20,7.61,2.030,1.35,6,6,1,GPS Fix (SPS),Stopped
1770569096.908081,57.83435767,12.30731317,57.83435554,12.30731358,3.171,2.500,82.40,7.61,2.030,0.58,6,6,1,GPS Fix (SPS),Stopped
1770569097.899876,57.83434867,12.30731250,57.83435211,12.30731304,3.171,2.500,82.50,7.61,2.030,0.63,6,6,1,GPS Fix (SPS),Stopped
1770569098.9048173,57.83434500,12.30731267,57.83434855,12.30731285,3.171,2.500,82.70,7.61,2.030,0.48,6,6,1,GPS Fix (SPS),Stopped
1770569099.9108963,57.83433017,12.30731183,57.83433936,12.30731234,3.171,2.500,82.70,7.61,2.030,1.25,6,6,1,GPS Fix (SPS),Stopped
1770569100.9157333,57.83430767,12.30731483,57.83432351,12.30731359,3.171,2.500,82.70,7.61,2.030,2.37,6,6,1,GPS Fix (SPS),Stopped
1770569101.9218829,57.83428133,12.30732117,57.83430242,12.30731738,3.171,2.500,83.20,7.61,2.030,3.49,6,6,1,GPS Fix (SPS),Forward
1770569102.9191127,57.83425100,12.30732467,57.83427671,12.30732102,3.171,2.500,83.70,7.61,2.030,4.83,6,6,1,GPS Fix (SPS),Forward
1770569103.9065983,57.83424033,12.30732383,57.83425852,12.30732243,3.171,2.500,84.10,7.61,2.030,4.41,6,6,1,GPS Fix (SPS),Stopped
1770569104.9194596,57.83424000,12.30733017,57.83424926,12.30732630,2.610,2.500,84.30,5.40,1.440,3.71,7,7,1,GPS Fix (SPS),Forward
1770569105.9065711,57.83427550,12.30732750,57.83426238,12.30732690,2.610,2.500,84.40,5.40,1.440,1.77,7,7,1,GPS Fix (SPS),Stopped
1770569106.9062946,57.83430517,12.30732100,57.83428377,12.30732395,2.314,2.500,85.00,4.24,1.130,0.53,8,8,1,GPS Fix (SPS),Stopped
1770569107.9019504,57.83431117,12.30730900,57.83429747,12.30731647,2.314,2.500,85.50,4.24,1.130,0.74,8,8,1,GPS Fix (SPS),Reverse
1770569108.9097676,57.83433017,12.30729900,57.83431382,12.30730774,2.314,2.500,85.60,4.24,1.130,0.66,8,8,1,GPS Fix (SPS),Reverse
1770569109.918164,57.83432983,12.30730450,57.83432183,12.30730612,2.314,2.500,85.70,4.24,1.130,1.34,8,8,1,GPS Fix (SPS),Stopped
1770569110.907072,57.83432967,12.30731183,57.83432575,12.30730898,2.314,2.500,86.00,4.24,1.130,2.09,8,8,1,GPS Fix (SPS),Stopped
1770569111.9183857,57.83433883,12.30730883,57.83433229,12.30730890,2.314,2.500,86.30,4.24,1.130,1.69,8,8,1,GPS Fix (SPS),Stopped
1770569112.913781,57.83435467,12.30730350,57.83434348,12.30730620,2.314,2.500,86.60,4.24,1.130,0.51,8,8,1,GPS Fix (SPS),Stopped
1770569113.9183743,57.83436717,12.30729717,57.83435532,12.30730168,2.314,2.500,86.90,4.24,1.130,0.20,8,8,1,GPS Fix (SPS),Reverse
1770569114.9166942,57.83437133,12.30727550,57.83436333,12.30728859,2.314,2.500,87.00,4.24,1.130,1.88,8,8,1,GPS Fix (SPS),Reverse
1770569115.9216208,57.83438333,12.30726983,57.83437333,12.30727921,2.314,2.500,86.40,4.24,1.130,1.37,8,8,1,GPS Fix (SPS),Reverse
1770569116.917268,57.83439200,12.30726467,57.83438267,12.30727194,2.314,2.500,86.30,4.24,1.130,1.26,8,8,1,GPS Fix (SPS),Reverse
1770569117.9214919,57.83440317,12.30726683,57.83439292,12.30726939,2.314,2.500,86.00,4.24,1.130,1.64,8,8,1,GPS Fix (SPS),Stopped
1770569118.9181557,57.83441600,12.30726050,57.83440446,12.30726494,2.314,2.500,85.80,4.24,1.130,2.26,8,8,1,GPS Fix (SPS),Reverse
1770569119.913198,57.83441817,12.30726150,57.83441131,12.30726322,2.314,2.500,86.00,4.24,1.130,1.32,8,8,1,GPS Fix (SPS),Stopped
1770569120.9188092,57.83441933,12.30726383,57.83441532,12.30726353,2.314,2.500,85.70,4.24,1.130,0.72,8,8,1,GPS Fix (SPS),Stopped
1770569121.914098,57.83441800,12.30726667,57.83441666,12.30726510,2.314,2.500,85.50,4.24,1.130,0.26,8,8,1,GPS Fix (SPS),Stopped
1770569122.920368,57.83442317,12.30726283,57.83441991,12.30726397,2.314,2.500,85.10,4.24,1.130,0.59,8,8,1,GPS Fix (SPS),Stopped
1770569123.9161198,57.83442183,12.30726850,57.83442087,12.30726623,2.314,2.500,84.80,4.24,1.130,0.39,8,8,1,GPS Fix (SPS),Stopped
1770569124.9121964,57.83442833,12.30725767,57.83442460,12.30726195,2.333,2.500,84.60,4.31,1.150,0.81,7,7,1,GPS Fix (SPS),Reverse
1770569125.9190705,57.83443367,12.30725017,57.83442914,12.30725606,2.333,2.500,84.00,4.31,1.150,1.36,7,7,1,GPS Fix (SPS),Reverse
1770569126.9012964,57.83443717,12.30725150,57.83443315,12.30725378,2.333,2.500,84.00,4.31,1.150,1.16,7,7,1,GPS Fix (SPS),Stopped
1770569127.907781,57.83443300,12.30725333,57.83443308,12.30725356,2.333,2.500,83.80,4.31,1.150,0.81,7,7,1,GPS Fix (SPS),Stopped
1770569128.9060178,57.83443083,12.30726367,57.83443195,12.30725861,2.333,2.500,83.50,4.31,1.150,0.49,7,7,1,GPS Fix (SPS),Forward
1770569129.9203458,57.83443667,12.30726350,57.83443431,12.30726106,2.333,2.500,83.60,4.31,1.150,0.39,7,7,1,GPS Fix (SPS),Stopped
1770569130.915037,57.83444017,12.30726650,57.83443724,12.30726378,2.314,2.500,83.70,4.24,1.130,0.63,8,8,1,GPS Fix (SPS),Stopped
1770569131.9230173,57.83444733,12.30727183,57.83444229,12.30726781,2.314,2.500,83.90,4.24,1.130,1.03,8,8,1,GPS Fix (SPS),Forward
1770569132.9156125,57.83444583,12.30727133,57.83444406,12.30726957,2.314,2.500,84.30,4.24,1.130,0.30,8,8,1,GPS Fix (SPS),Stopped
1770569133.922457,57.83444067,12.30728133,57.83444236,12.30727545,2.314,2.500,84.40,4.24,1.130,0.84,8,8,1,GPS Fix (SPS),Forward
1770569134.917162,57.83443917,12.30728650,57.83444076,12.30728098,2.314,2.500,84.60,4.24,1.130,0.78,8,8,1,GPS Fix (SPS),Forward
1770569135.9144502,57.83444517,12.30728617,57.83444297,12.30728357,2.314,2.500,84.80,4.24,1.130,0.63,8,8,1,GPS Fix (SPS),Stopped
1770569136.9215412,57.83444567,12.30727850,57.83444432,12.30728104,2.314,2.500,84.90,4.24,1.130,1.26,8,8,1,GPS Fix (SPS),Stopped
1770569137.9162285,57.83444367,12.30727900,57.83444399,12.30728002,2.314,2.500,84.70,4.24,1.130,0.96,8,8,1,GPS Fix (SPS),Stopped
1770569138.9106045,57.83444150,12.30728583,57.83444275,12.30728293,2.314,2.500,84.60,4.24,1.130,0.40,8,8,1,GPS Fix (SPS),Stopped
1770569139.9160914,57.83444450,12.30729333,57.83444362,12.30728813,2.314,2.500,84.40,4.24,1.130,0.40,8,8,1,GPS Fix (SPS),Forward
1770569140.901158,57.83444550,12.30729933,57.83444456,12.30729373,2.314,2.500,84.40,4.24,1.130,0.60,8,8,1,GPS Fix (SPS),Forward
1770569141.9171324,57.83445367,12.30729433,57.83444911,12.30729403,2.314,2.500,84.60,4.24,1.130,0.85,8,8,1,GPS Fix (SPS),Stopped
1770569142.9042068,57.83445417,12.30729367,57.83445164,12.30729385,2.314,2.500,84.40,4.24,1.130,0.44,8,8,1,GPS Fix (SPS),Stopped
1770569143.9203835,57.83445817,12.30729217,57.83445490,12.30729301,2.314,2.500,84.10,4.24,1.130,0.60,8,8,1,GPS Fix (SPS),Stopped
1770569144.9088295,57.83445100,12.30729817,57.83445295,12.30729559,2.314,2.500,83.80,4.24,1.130,0.55,8,8,1,GPS Fix (SPS),Stopped
1770569145.9059548,57.83445083,12.30729683,57.83445189,12.30729621,2.314,2.500,83.40,4.24,1.130,0.48,8,8,1,GPS Fix (SPS),Stopped
1770569146.9201536,57.83445183,12.30730317,57.83445186,12.30729969,2.314,2.500,82.90,4.24,1.130,0.64,8,8,1,GPS Fix (SPS),Forward
1770569147.9024034,57.83444950,12.30730433,57.83445068,12.30730201,2.314,2.500,83.00,4.24,1.130,0.74,8,8,1,GPS Fix (SPS),Stopped
1770569148.9163713,57.83445050,12.30730200,57.83445059,12.30730201,2.314,2.500,82.50,4.24,1.130,0.42,8,8,1,GPS Fix (SPS),Stopped
1770569149.9157574,57.83445333,12.30730933,57.83445196,12.30730567,2.314,2.500,82.50,4.24,1.130,0.77,8,8,1,GPS Fix (SPS),Forward
1770569150.9188793,57.83445633,12.30730500,57.83445415,12.30730533,2.314,2.500,82.50,4.24,1.130,0.46,8,8,1,GPS Fix (SPS),Stopped
1770569151.9160967,57.83445517,12.30730583,57.83445466,12.30730558,2.314,2.500,82.30,4.24,1.130,0.36,8,8,1,GPS Fix (SPS),Stopped
1770569152.905365,57.83445800,12.30730217,57.83445633,12.30730388,2.314,2.500,82.10,4.24,1.130,0.86,8,8,1,GPS Fix (SPS),Stopped
1770569153.9172223,57.83445667,12.30730783,57.83445650,12.30730585,2.476,2.500,82.00,4.88,1.300,0.53,7,7,1,GPS Fix (SPS),Stopped
1770569154.9212124,57.83445883,12.30731033,57.83445767,12.30730809,2.476,2.500,81.80,4.88,1.300,0.78,7,7,1,GPS Fix (SPS),Stopped
1770569155.9165075,57.83445617,12.30732167,57.83445692,12.30731488,2.476,2.500,81.60,4.88,1.300,1.21,7,7,1,GPS Fix (SPS),Forward
1770569156.9004922,57.83445433,12.30732517,57.83445562,12.30732002,2.314,2.500,81.40,4.24,1.130,0.93,8,8,1,GPS Fix (SPS),Forward
1770569157.9183774,57.83444933,12.30731733,57.83445248,12.30731868,2.314,2.500,81.20,4.24,1.130,0.41,8,8,1,GPS Fix (SPS),Stopped
1770569158.9059744,57.83444733,12.30731933,57.83444991,12.30731901,2.486,2.500,80.80,4.91,1.310,0.40,7,7,1,GPS Fix (SPS),Stopped
1770569159.9217527,57.83444017,12.30732700,57.83444504,12.30732300,2.486,2.500,80.40,4.91,1.310,1.03,7,7,1,GPS Fix (SPS),Forward
1770569160.92522,57.83443717,12.30733350,57.83444110,12.30732825,2.486,2.500,79.60,4.91,1.310,1.11,7,7,1,GPS Fix (SPS),Forward
1770569161.920934,57.83443500,12.30733083,57.83443805,12.30732954,2.486,2.500,79.20,4.91,1.310,0.79,7,7,1,GPS Fix (SPS),Stopped
1770569162.9170923,57.83444417,12.30732783,57.83444111,12.30732869,2.486,2.500,78.80,4.91,1.310,0.89,7,7,1,GPS Fix (SPS),Stopped
1770569163.912459,57.83444283,12.30732167,57.83444197,12.30732518,2.486,2.500,78.20,4.91,1.310,0.63,7,7,1,GPS Fix (SPS),Reverse
1770569164.9078135,57.83444167,12.30732367,57.83444182,12.30732442,2.476,2.500,77.90,4.88,1.300,0.88,7,7,1,GPS Fix (SPS),Stopped
1770569165.9128418,57.83443917,12.30731700,57.83444049,12.30732071,2.476,2.500,77.50,4.88,1.300,0.47,7,7,1,GPS Fix (SPS),Reverse
1770569166.9040017,57.83444050,12.30731783,57.83444050,12.30731927,2.476,2.500,77.10,4.88,1.300,0.71,7,7,1,GPS Fix (SPS),Stopped
1770569167.9030533,57.83444150,12.30731100,57.83444100,12.30731514,2.476,2.500,77.00,4.88,1.300,0.68,7,7,1,GPS Fix (SPS),Reverse
1770569168.910169,57.83444900,12.30731417,57.83444500,12.30731465,2.476,2.500,77.10,4.88,1.300,1.39,7,7,1,GPS Fix (SPS),Stopped
1770569169.9167717,57.83445033,12.30730683,57.83444767,12.30731074,2.476,2.500,77.10,4.88,1.300,1.30,7,7,1,GPS Fix (SPS),Reverse
1770569170.9119053,57.83445717,12.30730317,57.83445242,12.30730695,2.476,2.500,77.20,4.88,1.300,1.59,7,7,1,GPS Fix (SPS),Reverse
1770569171.9067018,57.83445350,12.30731283,57.83445296,12.30730989,2.914,2.500,77.10,6.60,1.760,1.01,6,6,1,GPS Fix (SPS),Stopped
1770569172.9118311,57.83445417,12.30732267,57.83445356,12.30731628,2.914,2.500,76.90,6.60,1.760,1.31,6,6,1,GPS Fix (SPS),Forward
1770569173.9077618,57.83446133,12.30733117,57.83445745,12.30732372,2.914,2.500,76.90,6.60,1.760,1.88,6,6,1,GPS Fix (SPS),Forward
1770569174.9147058,57.83446133,12.30733350,57.83445939,12.30732861,2.914,2.500,77.00,6.60,1.760,1.33,6,6,1,GPS Fix (SPS),Forward
1770569175.9065425,57.83444783,12.30734833,57.83445361,12.30733847,2.914,2.500,77.20,6.60,1.760,1.46,6,6,1,GPS Fix (SPS),Forward
1770569176.9051137,57.83444750,12.30736417,57.83445056,12.30735132,2.914,2.500,77.40,6.60,1.760,2.11,6,6,1,GPS Fix (SPS),Forward
1770569177.9102526,57.83444617,12.30738100,57.83444836,12.30736616,2.914,2.500,77.60,6.60,1.760,2.73,6,6,1,GPS Fix (SPS),Forward
1770569178.9059203,57.83445033,12.30737483,57.83444935,12.30737050,2.914,2.500,77.80,6.60,1.760,1.52,6,6,1,GPS Fix (SPS),Forward
1770569179.9107404,57.83446250,12.30738633,57.83445592,12.30737841,2.914,2.500,78.30,6.60,1.760,2.21,6,6,1,GPS Fix (SPS),Forward
1770569180.915897,57.83445783,12.30740700,57.83445688,12.30739271,2.914,2.500,78.50,6.60,1.760,2.80,6,6,1,GPS Fix (SPS),Forward
1770569181.9112992,57.83445567,12.30742467,57.83445627,12.30740869,2.914,2.500,78.70,6.60,1.760,3.26,6,6,1,GPS Fix (SPS),Forward
1770569182.9178555,57.83445933,12.30742933,57.83445780,12.30741901,2.476,2.500,78.90,4.88,1.300,2.57,7,7,1,GPS Fix (SPS),Forward
1770569183.9161248,57.83445567,12.30742833,57.83445673,12.30742367,2.476,2.500,79.00,4.88,1.300,1.86,7,7,1,GPS Fix (SPS),Forward
1770569184.9039714,57.83443533,12.30743350,57.83444603,12.30742859,2.476,2.500,79.20,4.88,1.300,2.09,7,7,1,GPS Fix (SPS),Forward
1770569185.9029431,57.83440867,12.30744433,57.83442735,12.30743646,2.667,2.500,79.10,5.62,1.500,3.83,6,6,1,GPS Fix (SPS),Forward
1770569186.9122732,57.83438850,12.30745817,57.83440793,12.30744731,2.667,2.500,79.20,5.62,1.500,4.86,6,6,1,GPS Fix (SPS),Forward
1770569187.9159904,57.83438533,12.30746350,57.83439663,12.30745541,2.667,2.500,78.90,5.62,1.500,4.09,6,6,1,GPS Fix (SPS),Forward
1770569188.9107776,57.83437483,12.30746400,57.83438573,12.30745970,2.667,2.500,78.90,5.62,1.500,3.78,6,6,1,GPS Fix (SPS),Forward
1770569189.9149184,57.83436333,12.30745650,57.83437453,12.30745810,2.667,2.500,78.80,5.62,1.500,3.49,6,6,1,GPS Fix (SPS),Stopped
1770569190.912981,57.83436183,12.30745117,57.83436818,12.30745463,2.667,2.500,78.60,5.62,1.500,2.79,6,6,1,GPS Fix (SPS),Reverse
1770569191.9036846,57.83437267,12.30743817,57.83437042,12.30744640,2.667,2.500,78.50,5.62,1.500,1.40,6,6,1,GPS Fix (SPS),Reverse
1770569192.9037201,57.83437617,12.30743150,57.83437330,12.30743895,2.667,2.500,78.20,5.62,1.500,0.99,6,6,1,GPS Fix (SPS),Reverse
1770569193.9183679,57.83438950,12.30743700,57.83438140,12.30743798,2.667,2.500,78.10,5.62,1.500,0.63,6,6,1,GPS Fix (SPS),Stopped
1770569194.9026592,57.83441533,12.30744850,57.83439837,12.30744324,2.314,2.500,78.50,4.24,1.130,2.82,8,8,1,GPS Fix (SPS),Forward
1770569195.9204683,57.83441767,12.30743483,57.83440802,12.30743904,2.314,2.500,79.50,4.24,1.130,1.59,8,8,1,GPS Fix (SPS),Reverse
1770569196.9171088,57.83442933,12.30743067,57.83441867,12.30743485,2.314,2.500,80.20,4.24,1.130,1.98,8,8,1,GPS Fix (SPS),Reverse
1770569197.9109812,57.83443500,12.30742383,57.83442684,12.30742934,2.314,2.500,80.90,4.24,1.130,1.67,8,8,1,GPS Fix (SPS),Reverse
1770569198.9159973,57.83443750,12.30741867,57.83443217,12.30742400,2.314,2.500,81.70,4.24,1.130,0.94,8,8,1,GPS Fix (SPS),Reverse
1770569199.9040883,57.83445517,12.30740367,57.83444367,12.30741384,2.314,2.500,82.20,4.24,1.130,2.39,8,8,1,GPS Fix (SPS),Reverse
1770569200.9175198,57.83446267,12.30740100,57.83445317,12.30740742,2.629,2.500,82.30,5.47,1.460,2.47,7,7,1,GPS Fix (SPS),Reverse
1770569201.9121041,57.83446200,12.30738517,57.83445758,12.30739629,2.629,2.500,82.50,5.47,1.460,2.16,7,7,1,GPS Fix (SPS),Reverse
1770569202.9184835,57.83446667,12.30738117,57.83446213,12.30738873,2.629,2.500,82.90,5.47,1.460,2.00,7,7,1,GPS Fix (SPS),Reverse
1770569203.9148781,57.83446617,12.30738617,57.83446415,12.30738745,2.629,2.500,83.10,5.47,1.460,1.32,7,7,1,GPS Fix (SPS),Stopped
1770569204.9101593,57.83445867,12.30737817,57.83446141,12.30738281,2.924,2.500,83.70,6.64,1.770,1.16,6,6,1,GPS Fix (SPS),Reverse
1770569205.9158702,57.83445283,12.30737333,57.83445712,12.30737807,2.924,2.500,84.00,6.64,1.770,1.45,6,6,1,GPS Fix (SPS),Reverse
1770569206.9111834,57.83445483,12.30737450,57.83445598,12.30737629,2.476,2.500,84.30,4.88,1.300,0.72,7,7,1,GPS Fix (SPS),Stopped
1770569207.9071755,57.83445217,12.30737783,57.83445407,12.30737706,2.476,2.500,84.80,4.88,1.300,0.34,7,7,1,GPS Fix (SPS),Stopped
1770569208.9126186,57.83444983,12.30738283,57.83445195,12.30737995,2.476,2.500,85.00,4.88,1.300,0.42,7,7,1,GPS Fix (SPS),Stopped
1770569209.9186358,57.83444700,12.30738850,57.83444948,12.30738422,2.476,2.500,85.40,4.88,1.300,0.80,7,7,1,GPS Fix (SPS),Forward
1770569210.91107,57.83444600,12.30739250,57.83444774,12.30738836,2.476,2.500,85.70,4.88,1.300,0.80,7,7,1,GPS Fix (SPS),Forward
1770569211.9098473,57.83444150,12.30739300,57.83444462,12.30739068,2.476,2.500,86.20,4.88,1.300,0.88,7,7,1,GPS Fix (SPS),Stopped
1770569212.9143069,57.83444917,12.30739450,57.83444689,12.30739259,2.476,2.500,86.50,4.88,1.300,0.42,7,7,1,GPS Fix (SPS),Stopped
1770569213.9109545,57.83444950,12.30739683,57.83444820,12.30739471,2.476,2.500,86.60,4.88,1.300,0.25,7,7,1,GPS Fix (SPS),Stopped
1770569214.9158125,57.83444600,12.30739883,57.83444710,12.30739677,2.476,2.500,87.10,4.88,1.300,0.39,7,7,1,GPS Fix (SPS),Stopped
1770569215.9116218,57.83445217,12.30739767,57.83444963,12.30739722,2.476,2.500,87.60,4.88,1.300,0.15,7,7,1,GPS Fix (SPS),Stopped
1770569216.906254,57.83445783,12.30740400,57.83445373,12.30740061,2.476,2.500,87.90,4.88,1.300,1.01,7,7,1,GPS Fix (SPS),Forward
1770569217.9138806,57.83446117,12.30740317,57.83445745,12.30740189,2.476,2.500,87.70,4.88,1.300,0.78,7,7,1,GPS Fix (SPS),Stopped
1770569218.9094286,57.83445917,12.30739733,57.83445831,12.30739961,2.476,2.500,87.80,4.88,1.300,0.25,7,7,1,GPS Fix (SPS),Stopped
1770569219.9145572,57.83445533,12.30739183,57.83445682,12.30739572,2.476,2.500,87.70,4.88,1.300,0.42,7,7,1,GPS Fix (SPS),Reverse
1770569220.9203787,57.83445683,12.30738850,57.83445683,12.30739211,2.314,2.500,87.50,4.24,1.130,0.31,8,8,1,GPS Fix (SPS),Reverse
1770569221.9158206,57.83445383,12.30738467,57.83445533,12.30738839,2.314,2.500,87.60,4.24,1.130,0.48,8,8,1,GPS Fix (SPS),Reverse
1770569222.9115758,57.83445450,12.30737283,57.83445492,12.30738061,2.314,2.500,87.80,4.24,1.130,1.42,8,8,1,GPS Fix (SPS),Reverse
1770569223.919495,57.83446267,12.30737617,57.83445879,12.30737839,2.476,2.500,87.80,4.88,1.300,0.96,7,7,1,GPS Fix (SPS),Stopped
1770569224.913299,57.83446267,12.30737433,57.83446073,12.30737636,2.476,2.500,88.10,4.88,1.300,0.63,7,7,1,GPS Fix (SPS),Stopped
1770569225.9098897,57.83445867,12.30737567,57.83445970,12.30737601,2.676,2.500,87.90,5.66,1.510,0.09,6,6,1,GPS Fix (SPS),Stopped
1770569226.9136431,57.83446117,12.30737083,57.83446043,12.30737342,2.676,2.500,87.90,5.66,1.510,0.97,6,6,1,GPS Fix (SPS),Stopped
1770569227.9193666,57.83443233,12.30735033,57.83444638,12.30736188,2.676,2.500,87.70,5.66,1.510,2.55,6,6,1,GPS Fix (SPS),Reverse
1770569228.914314,57.83439617,12.30732467,57.83442127,12.30734327,2.486,2.500,89.00,4.91,1.310,4.95,7,7,1,GPS Fix (SPS),Reverse
1770569229.9107494,57.83439200,12.30732217,57.83440664,12.30733272,2.486,2.500,90.60,4.91,1.310,4.24,7,7,1,GPS Fix (SPS),Reverse
1770569230.9182744,57.83438500,12.30731333,57.83439582,12.30732303,2.676,2.500,90.50,5.66,1.510,4.19,6,6,1,GPS Fix (SPS),Reverse
1770569231.9134216,57.83438333,12.30731233,57.83438958,12.30731768,2.676,2.500,90.50,5.66,1.510,3.46,6,6,1,GPS Fix (SPS),Reverse
1770569232.9101021,57.83438583,12.30730867,57.83438770,12.30731317,2.676,2.500,90.50,5.66,1.510,2.77,6,6,1,GPS Fix (SPS),Reverse
1770569233.9051452,57.83438417,12.30731600,57.83438594,12.30731459,2.676,2.500,90.40,5.66,1.510,2.39,6,6,1,GPS Fix (SPS),Stopped
1770569234.9102538,57.83438600,12.30732583,57.83438597,12.30732021,2.676,2.500,90.50,5.66,1.510,1.95,6,6,1,GPS Fix (SPS),Forward
1770569235.904027,57.83439733,12.30732533,57.83439165,12.30732277,2.676,2.500,90.60,5.66,1.510,0.83,6,6,1,GPS Fix (SPS),Stopped
1770569236.9093108,57.83440217,12.30731733,57.83439691,12.30732005,2.676,2.500,90.60,5.66,1.510,1.01,6,6,1,GPS Fix (SPS),Stopped
1770569237.9063478,57.83440750,12.30731017,57.83440220,12.30731511,2.676,2.500,90.60,5.66,1.510,1.29,6,6,1,GPS Fix (SPS),Reverse
1770569238.9108577,57.83441317,12.30731117,57.83440769,12.30731314,2.676,2.500,90.60,5.66,1.510,0.99,6,6,1,GPS Fix (SPS),Stopped
1770569239.9162874,57.83442067,12.30731900,57.83441418,12.30731607,2.676,2.500,90.80,5.66,1.510,0.54,6,6,1,GPS Fix (SPS),Stopped
1770569240.9122155,57.83442517,12.30732033,57.83441967,12.30731820,2.676,2.500,91.10,5.66,1.510,0.28,6,6,1,GPS Fix (SPS),Stopped
1770569241.906773,57.83442833,12.30732650,57.83442400,12.30732235,2.486,2.500,91.00,4.91,1.310,0.22,7,7,1,GPS Fix (SPS),Forward
1770569242.9032981,57.83443083,12.30733517,57.83442742,12.30732876,2.486,2.500,90.80,4.91,1.310,0.40,7,7,1,GPS Fix (SPS),Forward
1770569243.905859,57.83442733,12.30732567,57.83442738,12.30732721,2.486,2.500,91.00,4.91,1.310,1.27,7,7,1,GPS Fix (SPS),Stopped
1770569244.907398,57.83442083,12.30731600,57.83442410,12.30732161,2.486,2.500,91.20,4.91,1.310,2.32,7,7,1,GPS Fix (SPS),Reverse
1770569245.9040074,57.83442750,12.30731700,57.83442580,12.30731930,2.486,2.500,91.70,4.91,1.310,1.12,7,7,1,GPS Fix (SPS),Stopped
1770569246.9166803,57.83442800,12.30731933,57.83442690,12.30731932,2.486,2.500,91.80,4.91,1.310,0.73,7,7,1,GPS Fix (SPS),Stopped
1770569247.8993177,57.83442217,12.30732150,57.83442453,12.30732041,2.486,2.500,92.00,4.91,1.310,1.53,7,7,1,GPS Fix (SPS),Stopped
1770569248.920506,57.83441400,12.30732217,57.83441927,12.30732129,2.495,2.500,92.40,4.95,1.320,2.51,6,6,1,GPS Fix (SPS),Stopped
1770569249.9040701,57.83441500,12.30731833,57.83441713,12.30731981,2.495,2.500,92.70,4.95,1.320,1.99,6,6,1,GPS Fix (SPS),Stopped
1770569250.910198,57.83440767,12.30732283,57.83441240,12.30732132,2.495,2.500,92.70,4.95,1.320,2.66,6,6,1,GPS Fix (SPS),Stopped
1770569251.9030652,57.83441167,12.30732383,57.83441203,12.30732258,2.495,2.500,92.90,4.95,1.320,1.63,6,6,1,GPS Fix (SPS),Stopped
1770569252.9081562,57.83440733,12.30732967,57.83440968,12.30732612,2.495,2.500,93.20,4.95,1.320,1.90,6,6,1,GPS Fix (SPS),Forward
1770569253.9042532,57.83441383,12.30733650,57.83441176,12.30733131,2.495,2.500,93.50,4.95,1.320,1.08,6,6,1,GPS Fix (SPS),Forward
1770569254.906641,57.83441250,12.30732833,57.83441213,12.30732982,2.495,2.500,93.90,4.95,1.320,1.02,6,6,1,GPS Fix (SPS),Stopped
1770569255.8994548,57.83440700,12.30733250,57.83440956,12.30733116,2.495,2.500,94.40,4.95,1.320,1.56,6,6,1,GPS Fix (SPS),Stopped
1770569256.8994172,57.83440617,12.30733200,57.83440787,12.30733158,2.495,2.500,95.10,4.95,1.320,1.51,6,6,1,GPS Fix (SPS),Stopped
1770569257.9144979,57.83440717,12.30733417,57.83440752,12.30733287,2.495,2.500,95.20,4.95,1.320,1.56,6,6,1,GPS Fix (SPS),Stopped
1770569258.9056695,57.83440500,12.30734050,57.83440626,12.30733669,2.324,2.500,96.10,4.28,1.140,1.68,7,7,1,GPS Fix (SPS),Forward
1770569259.916097,57.83440033,12.30735367,57.83440330,12.30734518,2.324,2.500,96.80,4.28,1.140,1.86,7,7,1,GPS Fix (SPS),Forward
1770569260.9124458,57.83440217,12.30735667,57.83440273,12.30735092,2.314,2.500,97.20,4.24,1.130,1.40,8,8,1,GPS Fix (SPS),Forward
1770569261.9182703,57.83439417,12.30736350,57.83439845,12.30735721,2.314,2.500,97.60,4.24,1.130,2.29,8,8,1,GPS Fix (SPS),Forward
1770569262.9119267,57.83440333,12.30735900,57.83440089,12.30735811,2.314,2.500,97.70,4.24,1.130,0.95,8,8,1,GPS Fix (SPS),Stopped
1770569263.9117851,57.83440983,12.30735450,57.83440536,12.30735630,2.314,2.500,97.70,4.24,1.130,0.75,8,8,1,GPS Fix (SPS),Stopped
1770569264.9158933,57.83441033,12.30733700,57.83440785,12.30734665,2.324,2.500,97.70,4.28,1.140,1.91,7,7,1,GPS Fix (SPS),Reverse
1770569265.903916,57.83441117,12.30730700,57.83440951,12.30732683,2.324,2.500,97.50,4.28,1.140,3.47,7,7,1,GPS Fix (SPS),Reverse
1770569266.9042022,57.83440450,12.30730767,57.83440700,12.30731725,2.324,2.500,97.50,4.28,1.140,2.52,7,7,1,GPS Fix (SPS),Reverse
1770569267.9003956,57.83440750,12.30732083,57.83440725,12.30731904,2.324,2.500,97.00,4.28,1.140,0.70,7,7,1,GPS Fix (SPS),Stopped
1770569268.9206686,57.83441050,12.30730367,57.83440888,12.30731135,2.324,2.500,96.50,4.28,1.140,1.69,7,7,1,GPS Fix (SPS),Reverse
1770569269.908497,57.83441583,12.30729283,57.83441235,12.30730209,2.324,2.500,96.30,4.28,1.140,2.11,7,7,1,GPS Fix (SPS),Reverse
1770569270.9186862,57.83441183,12.30729767,57.83441209,12.30729988,2.324,2.500,95.90,4.28,1.140,1.24,7,7,1,GPS Fix (SPS),Stopped
1770569271.9159036,57.83441133,12.30730433,57.83441171,12.30730211,2.324,2.500,95.50,4.28,1.140,0.57,7,7,1,GPS Fix (SPS),Stopped
1770569272.902066,57.83440267,12.30730533,57.83440719,12.30730372,2.324,2.500,95.10,4.28,1.140,1.56,8,8,1,GPS Fix (SPS),Stopped
1770569273.916636,57.83440017,12.30732067,57.83440368,12.30731219,2.314,2.500,93.30,4.24,1.130,1.55,8,8,1,GPS Fix (SPS),Forward
1770569274.9124074,57.83439867,12.30732217,57.83440117,12.30731718,2.324,2.500,92.80,4.28,1.140,1.50,8,8,1,GPS Fix (SPS),Forward
1770569275.9158328,57.83439950,12.30733100,57.83440034,12.30732409,2.324,2.500,92.30,4.28,1.140,1.38,7,7,1,GPS Fix (SPS),Forward
1770569276.9035757,57.83439533,12.30732567,57.83439783,12.30732488,2.324,2.500,91.90,4.28,1.140,1.51,7,7,1,GPS Fix (SPS),Stopped
1770569277.9158485,57.83438150,12.30729783,57.83438967,12.30731136,2.324,2.500,91.60,4.28,1.140,3.87,7,7,1,GPS Fix (SPS),Reverse
1770569278.9039233,57.83436900,12.30729367,57.83437933,12.30730251,2.324,2.500,92.00,4.28,1.140,4.13,7,7,1,GPS Fix (SPS),Reverse
1770569279.909858,57.83437167,12.30728900,57.83437550,12.30729576,2.324,2.500,92.20,4.28,1.140,2.73,7,7,1,GPS Fix (SPS),Reverse
1770569280.9045863,57.83436683,12.30728917,57.83437117,12.30729246,3.010,2.500,91.90,6.97,1.860,2.51,5,5,1,GPS Fix (SPS),Stopped
1770569281.9039207,57.83437167,12.30728550,57.83437142,12.30728898,3.010,2.500,91.60,6.97,1.860,1.54,5,5,1,GPS Fix (SPS),Reverse
1770569282.9022694,57.83438117,12.30726583,57.83437629,12.30727741,3.010,2.500,91.50,6.97,1.860,1.49,5,5,1,GPS Fix (SPS),Reverse
1770569283.9011927,57.83438583,12.30726750,57.83438106,12.30727245,3.010,2.500,91.30,6.97,1.860,1.09,5,5,1,GPS Fix (SPS),Reverse
1770569284.9036722,57.83439300,12.30726500,57.83438703,12.30726873,3.343,2.500,91.30,8.29,2.210,1.17,4,4,1,GPS Fix (SPS),Reverse
1770569285.9021235,57.83438567,12.30726433,57.83438635,12.30726653,3.343,2.500,91.40,8.29,2.210,0.62,4,4,1,GPS Fix (SPS),Stopped
1770569286.8992212,57.83438433,12.30726283,57.83438534,12.30726468,2.571,2.500,92.80,5.25,1.400,0.60,5,5,1,GPS Fix (SPS),Stopped
1770569287.9010885,57.83438567,12.30726700,57.83438550,12.30726584,3.343,2.500,92.90,8.29,2.210,0.40,4,4,1,GPS Fix (SPS),Stopped
1770569288.9073,57.83438650,12.30725983,57.83438600,12.30726284,3.343,2.500,93.00,8.29,2.210,0.89,4,4,1,GPS Fix (SPS),Stopped
1770569289.9062016,57.83439633,12.30727683,57.83439117,12.30726984,3.343,2.500,93.10,8.29,2.210,1.52,4,4,1,GPS Fix (SPS),Forward
1770569290.8873355,57.83439767,12.30728267,57.83439442,12.30727625,3.343,2.500,93.00,8.29,2.210,1.43,4,4,1,GPS Fix (SPS),Forward
1770569291.903582,57.83439533,12.30727283,57.83439488,12.30727454,3.343,2.500,93.00,8.29,2.210,0.64,4,4,1,GPS Fix (SPS),Stopped
1770569292.9004178,57.83439450,12.30728183,57.83439469,12.30727819,3.343,2.500,92.90,8.29,2.210,0.56,4,4,1,GPS Fix (SPS),Forward
1770569293.9046843,57.83438150,12.30727150,57.83438809,12.30727484,3.343,2.500,92.90,8.29,2.210,0.29,4,4,1,GPS Fix (SPS),Stopped
1770569294.902055,57.83435317,12.30724533,57.83437063,12.30726009,2.571,2.500,94.30,5.25,1.400,1.57,5,5,1,GPS Fix (SPS),Reverse
1770569295.9073677,57.83432950,12.30724033,57.83435007,12.30725021,2.581,2.500,95.30,5.29,1.410,2.13,5,5,1,GPS Fix (SPS),Reverse
1770569296.900629,57.83431850,12.30722733,57.83433428,12.30723877,2.581,2.500,96.40,5.29,1.410,1.88,5,5,1,GPS Fix (SPS),Reverse
1770569297.900541,57.83431250,12.30722900,57.83432339,12.30723389,3.514,2.500,97.50,8.96,2.390,1.14,4,4,1,GPS Fix (SPS),Reverse
1770569298.902209,57.83430567,12.30722217,57.83431453,12.30722803,3.514,2.500,98.40,8.96,2.390,0.74,4,4,1,GPS Fix (SPS),Reverse
1770569299.9050767,57.83429400,12.30719950,57.83430426,12.30721376,3.514,2.500,99.40,8.96,2.390,1.14,4,4,1,GPS Fix (SPS),Reverse
1770569300.9026232,57.83427717,12.30717033,57.83429072,12.30719205,3.514,2.500,100.40,8.96,2.390,2.24,4,4,1,GPS Fix (SPS),Reverse
1770569301.913087,57.83426833,12.30716633,57.83427952,12.30717919,2.581,2.500,101.00,5.29,1.410,2.41,5,5,1,GPS Fix (SPS),Reverse
1770569302.9093356,57.83425667,12.30716783,57.83426810,12.30717351,2.495,2.500,100.80,4.95,1.320,2.44,6,6,1,GPS Fix (SPS),Reverse
1770569303.9091098,57.83424700,12.30715867,57.83425755,12.30716609,2.486,2.500,100.90,4.91,1.310,2.78,7,7,1,GPS Fix (SPS),Reverse
1770569304.9146638,57.83423783,12.30717483,57.83424769,12.30717046,2.486,2.500,100.70,4.91,1.310,2.15,7,7,1,GPS Fix (SPS),Forward
1770569305.9061515,57.83423883,12.30716900,57.83424326,12.30716973,2.486,2.500,101.00,4.91,1.310,1.72,7,7,1,GPS Fix (SPS),Stopped
1770569306.9065669,57.83423867,12.30716767,57.83424096,12.30716870,2.486,2.500,101.00,4.91,1.310,1.40,7,7,1,GPS Fix (SPS),Stopped
1770569307.9082985,57.83424733,12.30716200,57.83424415,12.30716535,2.486,2.500,101.00,4.91,1.310,1.36,7,7,1,GPS Fix (SPS),Stopped
1770569308.9077513,57.83425133,12.30716967,57.83424774,12.30716751,2.486,2.500,100.90,4.91,1.310,0.87,7,7,1,GPS Fix (SPS),Stopped
1770569309.9128506,57.83425150,12.30718717,57.83424962,12.30717734,2.486,2.500,100.80,4.91,1.310,0.36,7,7,1,GPS Fix (SPS),Forward
1770569310.9077647,57.83424967,12.30718183,57.83424964,12.30717959,2.486,2.500,101.00,4.91,1.310,0.45,7,7,1,GPS Fix (SPS),Stopped
1770569311.9123936,57.83425017,12.30718367,57.83424991,12.30718163,2.486,2.500,100.70,4.91,1.310,0.58,7,7,1,GPS Fix (SPS),Stopped
1770569312.9093852,57.83425100,12.30717850,57.83425045,12.30718006,2.486,2.500,100.50,4.91,1.310,0.99,7,7,1,GPS Fix (SPS),Stopped
1770569313.9158645,57.83426083,12.30716983,57.83425564,12.30717495,2.486,2.500,100.30,4.91,1.310,1.21,7,7,1,GPS Fix (SPS),Reverse
1770569314.9036207,57.83426600,12.30716350,57.83426082,12.30716922,2.486,2.500,100.10,4.91,1.310,1.42,7,7,1,GPS Fix (SPS),Reverse
1770569315.9052644,57.83426917,12.30717383,57.83426499,12.30717153,2.486,2.500,99.90,4.91,1.310,0.63,7,7,1,GPS Fix (SPS),Stopped
1770569316.903663,57.83426483,12.30717633,57.83426491,12.30717393,2.486,2.500,99.90,4.91,1.310,1.03,7,7,1,GPS Fix (SPS),Stopped
1770569317.9068997,57.83425967,12.30719567,57.83426229,12.30718480,2.486,2.500,99.60,4.91,1.310,1.33,7,7,1,GPS Fix (SPS),Forward
1770569318.9121256,57.83425133,12.30721850,57.83425681,12.30720165,2.495,2.500,99.70,4.95,1.320,2.52,7,7,1,GPS Fix (SPS),Forward
1770569319.9046686,57.83425850,12.30722483,57.83425766,12.30721324,2.495,2.500,99.80,4.95,1.320,1.78,7,7,1,GPS Fix (SPS),Forward
1770569320.9064515,57.83426050,12.30724067,57.83425908,12.30722695,2.495,2.500,99.90,4.95,1.320,2.04,7,7,1,GPS Fix (SPS),Forward
1770569321.9054756,57.83426517,12.30723667,57.83426212,12.30723181,2.495,2.500,99.80,4.95,1.320,1.43,7,7,1,GPS Fix (SPS),Forward
1770569322.9054756,57.83427950,12.30724050,57.83427081,12.30723616,2.495,2.500,99.70,4.95,1.320,0.69,7,7,1,GPS Fix (SPS),Forward
1770569323.9044342,57.83429667,12.30724750,57.83428374,12.30724183,2.495,2.500,99.80,4.95,1.320,1.45,7,7,1,GPS Fix (SPS),Forward
1770569324.9157302,57.83430867,12.30726917,57.83429620,12.30725550,2.495,2.500,100.00,4.95,1.320,2.30,7,7,1,GPS Fix (SPS),Forward
1770569325.9108248,57.83431917,12.30728833,57.83430768,12.30727192,2.495,2.500,100.30,4.95,1.320,2.71,7,7,1,GPS Fix (SPS),Forward
1770569326.915736,57.83433967,12.30728867,57.83432368,12.30728029,2.495,2.500,100.10,4.95,1.320,3.06,7,7,1,GPS Fix (SPS),Forward
1770569327.9123087,57.83436117,12.30726850,57.83434242,12.30727440,2.495,2.500,99.60,4.95,1.320,3.57,7,7,1,GPS Fix (SPS),Reverse
1770569328.9066763,57.83437150,12.30724817,57.83435696,12.30726128,2.495,2.500,98.70,4.95,1.320,3.66,7,7,1,GPS Fix (SPS),Reverse
1770569329.9132226,57.83437283,12.30726433,57.83436490,12.30726281,2.495,2.500,97.50,4.95,1.320,2.43,7,7,1,GPS Fix (SPS),Stopped
1770569330.9065182,57.83437267,12.30728517,57.83436878,12.30727399,2.581,2.500,97.10,5.29,1.410,1.60,6,6,1,GPS Fix (SPS),Forward
1770569331.9104998,57.83437483,12.30730117,57.83437181,12.30728758,2.581,2.500,96.70,5.29,1.410,1.61,6,6,1,GPS Fix (SPS),Forward
1770569332.9068398,57.83438033,12.30732467,57.83437607,12.30730612,2.581,2.500,96.30,5.29,1.410,2.44,6,6,1,GPS Fix (SPS),Forward
1770569333.9063847,57.83438100,12.30733433,57.83437854,12.30732023,2.581,2.500,95.60,5.29,1.410,1.71,6,6,1,GPS Fix (SPS),Forward
1770569334.9015799,57.83437833,12.30733783,57.83437843,12.30732903,2.581,2.500,95.00,5.29,1.410,0.88,6,6,1,GPS Fix (SPS),Forward
1770569335.9093454,57.83437967,12.30734567,57.83437905,12.30733735,2.610,2.500,94.50,5.40,1.440,1.05,5,5,1,GPS Fix (SPS),Forward
1770569336.9075382,57.83437900,12.30734083,57.83437903,12.30733909,2.495,2.500,93.60,4.95,1.320,0.28,6,6,1,GPS Fix (SPS),Stopped
1770569337.906254,57.83437467,12.30735483,57.83437685,12.30734696,2.495,2.500,92.70,4.95,1.320,1.05,6,6,1,GPS Fix (SPS),Forward
1770569338.9082153,57.83437133,12.30735683,57.83437409,12.30735190,2.495,2.500,91.80,4.95,1.320,1.04,6,6,1,GPS Fix (SPS),Forward
1770569339.9065003,57.83437617,12.30734917,57.83437513,12.30735053,2.495,2.500,90.90,4.95,1.320,0.34,6,6,1,GPS Fix (SPS),Stopped
1770569340.915914,57.83436800,12.30735867,57.83437156,12.30735460,2.495,2.500,90.00,4.95,1.320,1.22,6,6,1,GPS Fix (SPS),Forward
1770569341.9101994,57.83436700,12.30734467,57.83436928,12.30734963,2.495,2.500,89.20,4.95,1.320,0.89,6,6,1,GPS Fix (SPS),Reverse
1770569342.9058151,57.83437217,12.30731967,57.83437072,12.30733465,2.495,2.500,88.40,4.95,1.320,1.20,6,6,1,GPS Fix (SPS),Reverse
1770569343.9060423,57.83437617,12.30732583,57.83437345,12.30733024,2.495,2.500,87.70,4.95,1.320,0.48,6,6,1,GPS Fix (SPS),Reverse
1770569344.9005558,57.83437383,12.30732633,57.83437364,12.30732829,2.495,2.500,86.80,4.95,1.320,0.22,6,6,1,GPS Fix (SPS),Stopped
1770569345.899227,57.83437600,12.30734017,57.83437482,12.30733423,2.495,2.500,86.10,4.95,1.320,1.29,6,6,1,GPS Fix (SPS),Forward
1770569346.9051776,57.83437700,12.30734000,57.83437591,12.30733711,2.495,2.500,85.20,4.95,1.320,1.05,6,6,1,GPS Fix (SPS),Stopped
1770569347.9056902,57.83438183,12.30733783,57.83437887,12.30733747,2.495,2.500,84.60,4.95,1.320,1.14,6,6,1,GPS Fix (SPS),Stopped
1770569348.9053051,57.83438367,12.30732983,57.83438127,12.30733365,2.495,2.500,84.00,4.95,1.320,0.76,6,6,1,GPS Fix (SPS),Reverse
1770569349.9143097,57.83438617,12.30733683,57.83438372,12.30733524,2.495,2.500,83.60,4.95,1.320,0.79,6,6,1,GPS Fix (SPS),Stopped
1770569350.901719,57.83439500,12.30733017,57.83438936,12.30733271,2.610,2.500,83.50,5.40,1.440,1.37,5,5,1,GPS Fix (SPS),Stopped
1770569351.904203,57.83439683,12.30733467,57.83439310,12.30733369,2.610,2.500,83.40,5.40,1.440,1.01,5,5,1,GPS Fix (SPS),Stopped
1770569352.8982527,57.83440200,12.30733900,57.83439755,12.30733634,2.610,2.500,83.40,5.40,1.440,1.03,5,5,1,GPS Fix (SPS),Stopped
1770569353.9053237,57.83441050,12.30734367,57.83440402,12.30734000,2.610,2.500,83.30,5.40,1.440,1.48,5,5,1,GPS Fix (SPS),Forward
1770569354.9026859,57.83441400,12.30734317,57.83440901,12.30734159,2.610,2.500,83.30,5.40,1.440,1.11,5,5,1,GPS Fix (SPS),Stopped
1770569355.9157336,57.83441750,12.30733450,57.83441326,12.30733804,2.610,2.500,83.40,5.40,1.440,1.01,5,5,1,GPS Fix (SPS),Reverse
1770569356.911654,57.83442617,12.30732717,57.83441971,12.30733260,2.314,2.500,82.60,4.24,1.130,1.40,7,7,1,GPS Fix (SPS),Reverse
1770569357.905951,57.83442733,12.30731783,57.83442352,12.30732522,2.314,2.500,82.00,4.24,1.130,0.89,7,7,1,GPS Fix (SPS),Reverse
1770569358.9035945,57.83443283,12.30730767,57.83442818,12.30731644,2.314,2.500,81.70,4.24,1.130,1.09,7,7,1,GPS Fix (SPS),Reverse
1770569359.9169853,57.83443000,12.30730333,57.83442909,12.30730989,2.314,2.500,81.30,4.24,1.130,0.75,7,7,1,GPS Fix (SPS),Reverse
1770569360.9165604,57.83443317,12.30729533,57.83443113,12.30730261,2.314,2.500,80.80,4.24,1.130,0.85,7,7,1,GPS Fix (SPS),Reverse
1770569361.9073446,57.83443683,12.30729017,57.83443398,12.30729639,2.314,2.500,80.50,4.24,1.130,0.76,7,7,1,GPS Fix (SPS),Reverse
1770569362.9153063,57.83443133,12.30729683,57.83443266,12.30729661,2.314,2.500,80.40,4.24,1.130,0.42,7,7,1,GPS Fix (SPS),Stopped
1770569363.9179342,57.83442967,12.30729633,57.83443116,12.30729647,2.314,2.500,80.00,4.24,1.130,0.65,7,7,1,GPS Fix (SPS),Stopped
1770569364.9072268,57.83442683,12.30728483,57.83442900,12.30729065,2.314,2.500,79.90,4.24,1.130,1.50,7,7,1,GPS Fix (SPS),Reverse
1770569365.9014778,57.83443267,12.30727150,57.83443083,12.30728108,2.314,2.500,79.60,4.24,1.130,1.38,7,7,1,GPS Fix (SPS),Reverse
1770569366.9166627,57.83443817,12.30726350,57.83443450,12.30727229,2.314,2.500,79.40,4.24,1.130,1.11,7,7,1,GPS Fix (SPS),Reverse
1770569367.9046175,57.83444000,12.30725800,57.83443725,12.30726514,2.314,2.500,78.20,4.24,1.130,0.95,8,8,1,GPS Fix (SPS),Reverse
1770569368.9089532,57.83445100,12.30724500,57.83444412,12.30725507,2.314,2.500,76.90,4.24,1.130,1.59,8,8,1,GPS Fix (SPS),Reverse
1770569369.910948,57.83444267,12.30724667,57.83444340,12.30725087,2.314,2.500,75.60,4.24,1.130,1.08,8,8,1,GPS Fix (SPS),Reverse
1770569370.9019475,57.83444300,12.30725733,57.83444320,12.30725410,2.314,2.500,75.20,4.24,1.130,0.13,8,8,1,GPS Fix (SPS),Stopped
1770569371.9157972,57.83444183,12.30725900,57.83444252,12.30725655,2.314,2.500,74.60,4.24,1.130,0.06,8,8,1,GPS Fix (SPS),Stopped
1770569372.9082193,57.83443967,12.30725700,57.83444109,12.30725678,2.314,2.500,74.20,4.24,1.130,0.43,7,7,1,GPS Fix (SPS),Stopped
1770569373.9063153,57.83444733,12.30725867,57.83444421,12.30725772,2.314,2.500,73.90,4.24,1.130,0.50,7,7,1,GPS Fix (SPS),Stopped
1770569374.8993185,57.83444150,12.30725533,57.83444286,12.30725653,2.314,2.500,73.50,4.24,1.130,0.81,7,7,1,GPS Fix (SPS),Stopped
1770569375.917539,57.83444983,12.30726317,57.83444634,12.30725985,2.314,2.500,73.30,4.24,1.130,0.66,7,7,1,GPS Fix (SPS),Stopped
1770569376.9216645,57.83445617,12.30726517,57.83445126,12.30726251,2.314,2.500,72.60,4.24,1.130,1.13,7,7,1,GPS Fix (SPS),Stopped
1770569377.916025,57.83446183,12.30727517,57.83445654,12.30726884,2.314,2.500,72.20,4.24,1.130,1.72,7,7,1,GPS Fix (SPS),Forward
1770569378.930529,57.83446583,12.30727883,57.83446119,12.30727384,2.314,2.500,71.40,4.24,1.130,1.55,8,8,1,GPS Fix (SPS),Forward
1770569379.9095192,57.83447167,12.30728950,57.83446643,12.30728167,2.314,2.500,71.00,4.24,1.130,2.04,8,8,1,GPS Fix (SPS),Forward
1770569380.9158363,57.83447583,12.30730267,57.83447113,12.30729217,2.657,2.500,70.30,5.59,1.490,2.38,7,7,1,GPS Fix (SPS),Forward
1770569381.910652,57.83447583,12.30730750,57.83447348,12.30729983,2.657,2.500,69.70,5.59,1.490,1.74,7,7,1,GPS Fix (SPS),Forward
1770569382.9065993,57.83447900,12.30731233,57.83447624,12.30730608,2.657,2.500,69.20,5.59,1.490,1.65,7,7,1,GPS Fix (SPS),Forward
1770569383.913722,57.83446333,12.30732333,57.83446979,12.30731471,2.657,2.500,68.80,5.59,1.490,1.53,7,7,1,GPS Fix (SPS),Forward
1770569384.9216118,57.83446483,12.30732833,57.83446731,12.30732152,2.657,2.500,68.40,5.59,1.490,1.37,7,7,1,GPS Fix (SPS),Forward
1770569385.9132073,57.83445950,12.30732417,57.83446341,12.30732284,2.657,2.500,67.90,5.59,1.490,1.17,7,7,1,GPS Fix (SPS),Stopped
1770569386.9085567,57.83445150,12.30731917,57.83445745,12.30732101,2.657,2.500,67.50,5.59,1.490,1.64,7,7,1,GPS Fix (SPS),Stopped
1770569387.914251,57.83444117,12.30731750,57.83444931,12.30731925,2.657,2.500,67.20,5.59,1.490,2.28,7,7,1,GPS Fix (SPS),Stopped
1770569388.9103684,57.83443850,12.30730967,57.83444390,12.30731446,2.657,2.500,67.00,5.59,1.490,2.22,7,7,1,GPS Fix (SPS),Reverse
1770569389.9189587,57.83442967,12.30730067,57.83443679,12.30730756,2.657,2.500,66.70,5.59,1.490,2.76,7,7,1,GPS Fix (SPS),Reverse
1770569390.9127424,57.83442200,12.30729183,57.83442939,12.30729970,2.314,2.500,66.20,4.24,1.130,3.15,8,8,1,GPS Fix (SPS),Reverse
1770569391.9201136,57.83442333,12.30729050,57.83442636,12.30729510,2.314,2.500,65.90,4.24,1.130,2.46,8,8,1,GPS Fix (SPS),Reverse
1770569392.9064953,57.83442367,12.30728633,57.83442501,12.30729072,2.314,2.500,65.60,4.24,1.130,2.05,8,8,1,GPS Fix (SPS),Reverse
1770569393.9203558,57.83442383,12.30728167,57.83442442,12.30728619,2.314,2.500,65.20,4.24,1.130,1.72,8,8,1,GPS Fix (SPS),Reverse
1770569394.9056156,57.83442350,12.30727550,57.83442396,12.30728085,2.314,2.500,64.80,4.24,1.130,1.51,8,8,1,GPS Fix (SPS),Reverse
1770569395.90741,57.83442167,12.30727000,57.83442281,12.30727542,2.381,2.500,64.50,4.50,1.200,1.46,7,7,1,GPS Fix (SPS),Reverse
1770569396.9160302,57.83442150,12.30728100,57.83442216,12.30727821,2.381,2.500,64.10,4.50,1.200,1.29,7,7,1,GPS Fix (SPS),Stopped
1770569397.9063017,57.83442117,12.30728350,57.83442166,12.30728086,2.381,2.500,64.00,4.50,1.200,1.27,7,7,1,GPS Fix (SPS),Stopped
1770569398.9177926,57.83442550,12.30727700,57.83442358,12.30727893,2.381,2.500,64.10,4.50,1.200,0.61,7,7,1,GPS Fix (SPS),Stopped
1770569399.9060237,57.83442567,12.30727783,57.83442462,12.30727838,2.381,2.500,64.10,4.50,1.200,0.73,7,7,1,GPS Fix (SPS),Stopped
1770569400.9160955,57.83442950,12.30728267,57.83442706,12.30728052,2.381,2.500,64.00,4.50,1.200,0.96,7,7,1,GPS Fix (SPS),Stopped
1770569401.9145482,57.83444033,12.30728300,57.83443370,12.30728176,2.381,2.500,64.10,4.50,1.200,1.20,7,7,1,GPS Fix (SPS),Stopped
1770569402.9127617,57.83444800,12.30728050,57.83444085,12.30728113,2.381,2.500,64.60,4.50,1.200,1.41,7,7,1,GPS Fix (SPS),Stopped
1770569403.908907,57.83445017,12.30727950,57.83444551,12.30728032,2.381,2.500,64.80,4.50,1.200,1.20,7,7,1,GPS Fix (SPS),Stopped
1770569404.9059877,57.83445100,12.30728200,57.83444825,12.30728116,2.381,2.500,64.80,4.50,1.200,0.99,7,7,1,GPS Fix (SPS),Stopped
1770569405.9069657,57.83444817,12.30728567,57.83444821,12.30728341,2.381,2.500,65.00,4.50,1.200,0.46,7,7,1,GPS Fix (SPS),Stopped
1770569406.9064202,57.83444767,12.30728800,57.83444794,12.30728571,2.381,2.500,65.10,4.50,1.200,0.49,7,7,1,GPS Fix (SPS),Stopped
1770569407.9030788,57.83444067,12.30728650,57.83444430,12.30728610,2.381,2.500,65.10,4.50,1.200,0.50,7,7,1,GPS Fix (SPS),Stopped
1770569408.9142516,57.83444217,12.30728517,57.83444323,12.30728563,2.381,2.500,65.40,4.50,1.200,0.49,7,7,1,GPS Fix (SPS),Stopped
1770569409.9158146,57.83444383,12.30728433,57.83444353,12.30728498,2.381,2.500,65.60,4.50,1.200,0.33,7,7,1,GPS Fix (SPS),Stopped
1770569410.9088352,57.83444450,12.30728133,57.83444402,12.30728316,2.381,2.500,65.70,4.50,1.200,0.24,7,7,1,GPS Fix (SPS),Stopped
1770569411.9083972,57.83443900,12.30728333,57.83444151,12.30728325,2.381,2.500,65.90,4.50,1.200,0.78,7,7,1,GPS Fix (SPS),Stopped
1770569412.9135463,57.83444133,12.30727750,57.83444142,12.30728037,2.381,2.500,66.10,4.50,1.200,0.51,7,7,1,GPS Fix (SPS),Stopped
1770569413.9082608,57.83444133,12.30726600,57.83444138,12.30727319,2.381,2.500,66.50,4.50,1.200,0.74,7,7,1,GPS Fix (SPS),Reverse
1770569414.9046226,57.83443867,12.30724050,57.83444002,12.30725684,2.381,2.500,66.60,4.50,1.200,1.66,7,7,1,GPS Fix (SPS),Reverse
1770569415.9063795,57.83444183,12.30723150,57.83444093,12.30724417,2.381,2.500,66.50,4.50,1.200,1.38,7,7,1,GPS Fix (SPS),Reverse
1770569416.9060636,57.83443567,12.30723033,57.83443830,12.30723725,2.381,2.500,66.80,4.50,1.200,1.59,7,7,1,GPS Fix (SPS),Reverse
1770569417.9130323,57.83443283,12.30722267,57.83443557,12.30722996,2.381,2.500,67.20,4.50,1.200,1.94,7,7,1,GPS Fix (SPS),Reverse
1770569418.9100926,57.83442500,12.30721133,57.83443028,12.30722065,2.381,2.500,67.30,4.50,1.200,2.28,7,7,1,GPS Fix (SPS),Reverse
1770569419.905691,57.83441100,12.30720883,57.83442064,12.30721474,2.381,2.500,67.70,4.50,1.200,2.66,7,7,1,GPS Fix (SPS),Reverse
1770569420.9073238,57.83439800,12.30719367,57.83440932,12.30720420,2.381,2.500,68.00,4.50,1.200,3.49,7,7,1,GPS Fix (SPS),Reverse
1770569421.9059472,57.83439550,12.30719500,57.83440241,12.30719960,2.381,2.500,68.40,4.50,1.200,2.59,7,7,1,GPS Fix (SPS),Reverse
1770569422.9064126,57.83439067,12.30719067,57.83439654,12.30719513,2.524,2.500,68.90,5.06,1.350,2.37,6,6,1,GPS Fix (SPS),Reverse
1770569423.9052117,57.83439100,12.30718967,57.83439377,12.30719240,2.524,2.500,69.30,5.06,1.350,1.64,6,6,1,GPS Fix (SPS),Stopped
1770569424.915976,57.83439417,12.30721250,57.83439397,12.30720245,2.524,2.500,69.60,5.06,1.350,1.09,6,6,1,GPS Fix (SPS),Forward
1770569425.9071245,57.83439917,12.30722383,57.83439657,12.30721314,2.524,2.500,70.00,5.06,1.350,1.18,6,6,1,GPS Fix (SPS),Forward
1770569426.9071932,57.83440600,12.30723533,57.83440128,12.30722424,2.524,2.500,70.30,5.06,1.350,1.59,6,6,1,GPS Fix (SPS),Forward
1770569427.9063501,57.83440983,12.30724017,57.83440556,12.30723220,2.524,2.500,70.50,5.06,1.350,1.36,6,6,1,GPS Fix (SPS),Forward
1770569428.9060476,57.83441867,12.30723933,57.83441211,12.30723577,2.381,2.500,70.60,4.50,1.200,1.56,7,7,1,GPS Fix (SPS),Forward
1770569429.9010289,57.83443000,12.30723417,57.83442106,12.30723497,2.381,2.500,70.40,4.50,1.200,2.01,7,7,1,GPS Fix (SPS),Stopped
1770569430.9130862,57.83443000,12.30723767,57.83442553,12.30723632,2.381,2.500,70.10,4.50,1.200,1.33,7,7,1,GPS Fix (SPS),Stopped
1770569431.9102817,57.83442633,12.30723300,57.83442593,12.30723466,2.381,2.500,70.00,4.50,1.200,0.38,7,7,1,GPS Fix (SPS),Stopped
1770569432.9060352,57.83443017,12.30722967,57.83442805,12.30723216,2.381,2.500,70.10,4.50,1.200,0.43,7,7,1,GPS Fix (SPS),Stopped
1770569433.9124126,57.83443017,12.30722650,57.83442911,12.30722933,2.381,2.500,70.20,4.50,1.200,0.26,7,7,1,GPS Fix (SPS),Stopped
1770569434.9167724,57.83443267,12.30722733,57.83443089,12.30722833,2.381,2.500,70.30,4.50,1.200,0.25,7,7,1,GPS Fix (SPS),Stopped
1770569435.912923,57.83443700,12.30722583,57.83443394,12.30722708,2.381,2.500,70.30,4.50,1.200,0.30,7,7,1,GPS Fix (SPS),Stopped
1770569436.9073668,57.83444133,12.30721217,57.83443764,12.30721962,2.381,2.500,70.30,4.50,1.200,0.79,7,7,1,GPS Fix (SPS),Reverse
1770569437.9143217,57.83444900,12.30721517,57.83444332,12.30721740,2.381,2.500,70.20,4.50,1.200,0.87,7,7,1,GPS Fix (SPS),Stopped
1770569438.9084485,57.83445850,12.30720367,57.83445091,12.30721053,2.381,2.500,70.20,4.50,1.200,1.55,7,7,1,GPS Fix (SPS),Reverse
1770569439.9066036,57.83446517,12.30720067,57.83445804,12.30720560,2.381,2.500,70.10,4.50,1.200,1.54,7,7,1,GPS Fix (SPS),Reverse
1770569440.9065568,57.83447200,12.30720000,57.83446502,12.30720280,2.381,2.500,70.20,4.50,1.200,1.55,7,7,1,GPS Fix (SPS),Stopped
1770569441.9069452,57.83448000,12.30719933,57.83447251,12.30720107,2.381,2.500,70.40,4.50,1.200,1.65,7,7,1,GPS Fix (SPS),Stopped
1770569442.9134324,57.83448217,12.30718800,57.83447734,12.30719453,2.381,2.500,70.30,4.50,1.200,1.40,7,7,1,GPS Fix (SPS),Reverse
1770569443.9056928,57.83447167,12.30712933,57.83447450,12.30716193,2.381,2.500,70.30,4.50,1.200,3.33,7,7,1,GPS Fix (SPS),Reverse
1770569444.9128842,57.83446067,12.30708800,57.83446758,12.30712497,2.419,2.500,71.90,4.65,1.240,4.21,8,8,1,GPS Fix (SPS),Reverse
1770569445.9238532,57.83445000,12.30702150,57.83445879,12.30707323,2.419,2.500,73.50,4.65,1.240,6.28,8,8,1,GPS Fix (SPS),Reverse
1770569446.9131737,57.83444233,12.30702500,57.83445056,12.30704912,2.419,2.500,75.50,4.65,1.240,4.82,8,8,1,GPS Fix (SPS),Reverse
1770569447.9079692,57.83443767,12.30698133,57.83444411,12.30701522,2.381,2.500,75.80,4.50,1.200,5.23,8,8,1,GPS Fix (SPS),Reverse
1770569448.9063177,57.83443267,12.30698917,57.83443839,12.30700220,2.419,2.500,77.50,4.65,1.240,4.05,8,8,1,GPS Fix (SPS),Reverse
